ESTATE_ID,IMAGE_ID,IMAGE_TITLE,IMAGE_TYPE,UPLOADED_BY,IMAGE
1001,NULL,NULL,NULL,106,NULL
1002,NULL,NULL,NULL,106,NULL
1003,NULL,NULL,NULL,106,NULL
1004,NULL,NULL,NULL,106,NULL
1005,NULL,NULL,NULL,106,NULL
1006,NULL,NULL,NULL,106,NULL
1007,NULL,NULL,NULL,106,NULL
1008,NULL,NULL,NULL,106,NULL
1009,NULL,NULL,NULL,106,NULL
1010,NULL,NULL,NULL,106,NULL
1011,NULL,NULL,NULL,106,NULL
1012,NULL,NULL,NULL,106,NULL
1013,NULL,NULL,NULL,106,NULL
1014,NULL,NULL,NULL,106,NULL
1015,NULL,NULL,NULL,106,NULL
1016,NULL,NULL,NULL,106,NULL
1017,NULL,NULL,NULL,106,NULL
1018,NULL,NULL,NULL,106,NULL
1019,NULL,NULL,NULL,106,NULL
1020,NULL,NULL,NULL,NULL,NULL
